to_id,from_id
601233,603239
601233,603239
601233,603239
601233,600422
600605,10977
600605,159
600605,39
600605,9448
600605,2326
600605,870866
600605,15268
600605,300899
600985,600935
600985,2337
600985,600985
600985,600985
600985,600985
600985,600985
600985,600935
600985,600935
600985,600935
600985,600935
600985,2337
600985,2337
600985,600935
600985,600935
603557,600935
600125,13804
600125,13804
600125,13804
880,338
880,338
880,338
880,338
880,338
880,338
880,338
880,338
880,338
880,338
880,338
603399,300302
603399,600884
603367,2460
2719,2171
2719,2171
600098,1498
600098,1498
600098,523
603335,751
601878,15028
601878,429
601878,8631
601878,15028
601878,429
601878,8631
601878,9181
2009,300022
2009,300022
2009,300022
933,933
933,933
933,933
933,933
933,933
933,933
601500,39
601500,19
601500,39
601500,19
601500,630
601500,19
601500,19
530,19
530,630
530,39
530,39
530,630
530,630
530,630
530,630
530,630
530,39
600603,600256
600603,2802
600603,428
600603,2400
600603,2400
600603,731
600603,2802
600603,2802
600603,2400
600603,731
600603,731
300718,731
603511,5049
301113,837821
301113,837821
301113,837821
688339,600066
688339,300211
688339,9085
688339,9085
688339,9085
688339,9085
600462,300211
300540,731
300540,731
300540,731
300758,731
600969,789
601162,300302
601162,12191
601162,12191
601162,836892
601162,2009
601162,2009
529,600079
720,9568
300907,9568
300907,832278
300907,8754
300907,832278
300907,8754
300907,832278
2418,8754
600325,11834
600325,20
600325,20
600325,20
600325,20
600325,20
600325,20
600325,20
600968,2116
600968,2116
600968,2116
600968,2116
600968,2116
600968,2116
600968,2116
600968,2116
600968,2116
600968,2116
600968,2116
600968,2116
600968,2116
600968,2116
600968,2116
600968,2116
600968,2116
600968,2116
600968,2116
600968,2116
600968,2116
600968,2116
601718,2116
2692,6918
2692,630
600693,600959
601919,9460
601919,601099
601919,9159
601919,16378
601919,16378
601919,601099
601919,601099
601919,835670
601919,835670
601919,835670
601919,835670
601919,406
601919,833171
601919,833171
601919,833171
601919,833171
601919,833171
601919,833171
601919,833171
601919,833171
601919,833171
601919,833171
601919,833171
601919,833171
601919,9558
601919,16378
601919,16378
601919,833171
601919,833171
601919,833171
601919,833171
601919,833171
601919,833171
601919,833171
601919,833171
601919,833171
601919,833171
601919,833171
601919,833171
601919,833171
2598,498
2598,498
2598,498
2598,498
2598,498
600505,6560
600370,600370
600370,420
600370,630
600370,630
600370,600037
600370,600037
600370,10781
600370,10781
600370,10781
600370,10781
600370,10781
600370,10781
600370,10781
600370,10781
600370,600403
600370,600403
600370,600370
600370,600370
600370,600370
600370,600370
600370,600370
600370,600370
600370,600370
600370,600370
600370,600370
600370,600370
600370,600370
600370,600370
600370,600370
600370,600370
600370,600370
600370,600370
600370,600370
601021,600370
603337,630
603337,2277
603337,630
603337,2277
603337,2277
603337,630
603337,630
603337,630
603337,630
603337,2277
603337,600118
603337,630
603337,630
300461,835305
601933,300302
601933,870357
601933,870357
601933,759
601933,6289
601933,430090
601933,300302
811,39
811,39
811,39
811,39
2302,12561
2302,17034
2302,17034
2302,301058
2302,301058
2302,300425
2302,300425
2302,600252
2302,519601
2302,300425
2302,300425
2302,300425
2302,15986
2302,12561
2302,600252
2302,17034
2302,17034
2302,17034
2302,301058
2302,300425
2302,300425
2302,300425
2302,600252
2302,519601
2302,17034
2302,17034
2302,301058
2302,300425
2302,300425
2302,300425
2302,600252
2302,519601
300459,601992
300459,601992
10,333
10,333
10,333
10,333
10,333
10,333
300207,333
2141,2369
2534,39
2534,39
2534,39
2534,39
300176,300052
300176,2543
300176,2543
300176,300052
300176,300052
300176,2543
300176,2543
300176,2543
300176,2543
300068,2543
300068,831039
300068,831039
422,630
422,630
422,422
600691,831010
600691,39
600691,39
600691,39
600691,39
600691,1896
600691,1896
600691,14250
600691,14250
600480,2324
600480,630
600480,630
600480,630
600480,630
600480,630
600480,630
600480,630
600480,630
600480,630
600480,630
600480,630
600480,630
600480,630
600480,630
600480,630
600683,603329
600683,603329
600683,603329
600683,603329
2383,13993
2383,13993
2383,13993
2383,13993
2383,13993
2383,13993
2383,13993
2383,13993
2383,13993
600109,601995
600109,12198
600109,12198
600109,12198
600109,12198
600109,12198
600109,836892
600109,836892
600109,836892
600075,8230
600075,12246
600075,8230
600075,8230
600075,8230
600075,8230
600075,8230
600075,8230
600075,8230
2612,8230
300797,630
300797,8370
300797,8370
300797,600206
300797,300034
300797,8370
300797,8370
300797,8370
300797,8370
300797,600206
300797,600206
2002,2002
2026,2026
2026,2026
2026,2026
2026,2026
2114,2114
2114,2114
2114,2114
2114,2114
2114,2114
2114,2114
2114,2114
2114,2114
2114,2114
2114,2114
2114,2114
2114,2114
2114,2114
2114,2114
2928,2114
2096,2096
2096,2096
603611,2096
603611,300838
603611,300838
973,835670
603890,831641
603890,871981
2365,2365
600578,711
2512,15317
415,11254
415,630
415,39
415,630
415,630
415,11254
415,11254
415,630
415,630
415,39
415,39
415,630
415,630
415,630
415,630
2136,7231
2136,8340
2136,8340
2136,8340
605488,7231
605488,8754
603843,2255
603843,2255
600619,1299
600619,12051
600619,12051
600619,12051
600373,630
600373,600362
600373,600362
600373,600362
3035,630
3035,4432
3035,4432
3035,4432
603093,601916
603093,19
603093,19
603093,19
603093,11834
603093,532
603093,2577
603093,19
603093,19
603093,19
603093,19
603093,19
603093,19
603093,19
603093,19
603093,19
603093,19
600886,19
600507,10779
600507,688159
600507,16117
600507,630
600507,630
600507,9595
600507,630
600507,501
600507,417
600507,630
600507,833427
600507,688159
600507,688159
600507,2748
600507,600462
600507,200055
600507,833427
600507,688159
600507,688159
600507,2748
600507,630
600507,630
600436,10834
600436,10834
600436,832735
600436,10834
600436,10834
600436,10834
600436,10405
600436,10405
600436,10405
600436,8590
600436,8590
600436,8590
600436,600315
600436,600315
600436,600315
600436,600315
901,430139
901,600501
901,425
901,802
901,12516
901,838275
901,603698
901,425
901,425
901,802
901,802
901,12516
901,37
901,838275
901,603698
901,425
901,425
901,802
901,802
901,12516
901,37
901,838275
605567,603697
605567,603697
600961,630
600961,630
600961,819
301032,338
301032,338
301032,603298
301032,603298
301032,338
301032,338
301032,338
301032,603298
301032,603298
2353,603298
2353,603041
2353,603041
2353,603041
2353,603041
688819,90
688819,14385
688819,14385
688819,603267
688819,603267
688819,430564
688819,430564
688819,832225
688819,832225
688819,832225
688819,2772
688819,2772
2634,90
600120,2454
600120,630
600120,2400
600120,2400
600120,2400
600120,2400
600120,600927
600702,630
600702,12065
600702,600196
600702,600196
600702,600196
598,600196
798,9550
798,65
798,360
798,399395
798,11017
798,11017
798,600195
798,600195
798,360
688101,360
688101,300181
688101,2681
688101,300181
600863,300181
600863,300181
987,39
987,11351
987,39
987,39
987,11351
987,11351
987,39
987,39
987,39
987,39
601311,833523
2444,603298
2444,603298
2444,603298
2444,603298
603677,937
603677,603088
603677,9460
603677,9460
603677,9460
603817,630
603817,630
600481,300302
600481,600959
600481,300302
600575,630
600575,552
600575,552
600575,552
600575,552
688517,300128
688517,430476
688517,430476
300700,536
2158,430139
2158,892
2158,430139
2158,430139
2158,892
2158,430139
2158,892
711,2186
869,630
869,630
869,630
869,630
869,39
869,39
869,39
600784,7231
600784,2789
600784,2789
600784,2789
2732,600259
2732,600259
2732,600259
300341,2288
2505,4499
2505,600490
2505,600490
2505,4499
2505,4499
600796,7221
600796,630
600796,630
600796,9937
600520,7221
2623,832876
2623,832876
2623,832876
2623,832876
2623,832876
2623,832876
300691,832876
2157,603697
2157,2124
2157,603697
2157,2124
2157,2124
2157,2157
2157,2157
2157,603697
2157,1318
2157,2157
2157,603697
601577,2124
890,560
890,835670
890,835670
890,835670
688169,300302
688169,300302
688169,300302
688169,430476
688169,430476
688169,300302
688169,300302
688169,300302
688169,300302
688169,300302
688169,300302
688169,430476
688169,430476
688169,430476
688169,430476
688169,300302
300551,300302
603218,630
603218,7272
603218,14110
603218,7272
603218,831278
603218,300207
600230,2542
600230,600468
600230,600468
600012,508009
600012,508009
600012,508009
600012,508009
682,682
682,682
682,682
682,682
682,682
682,682
682,682
682,682
682,682
600163,682
601568,548
601568,300472
601568,39
601568,39
601568,632
601568,548
601568,548
601568,14433
601568,300472
601568,2824
601568,300472
601568,2824
601568,7910
601568,2824
601568,300472
601568,7910
601568,2824
688737,6560
688737,731
688737,731
688737,6560
300736,301266
300736,8
300736,8
300736,301266
837,301266
837,837
2405,300690
2405,300690
2405,300690
2405,300690
2405,300690
2405,300690
2847,832662
2847,603696
2847,11293
2847,603696
2847,603696
600362,603697
600381,12283
600381,12283
600381,12283
600381,12283
600381,12283
605507,12283
605507,8158
605507,8158
600716,8158
603365,159
600729,159
600729,832662
600729,601963
600729,601963
600729,601963
600729,6430
600729,6876
600729,6876
600729,832662
601512,5821
601512,2966
601512,2966
601512,300483
601512,300483
601512,601567
930,930
930,930
930,930
930,930
930,930
930,930
2767,6846
2767,6846
2767,6846
2767,6846
2767,6846
2767,6846
688,300260
688107,2288
688107,600037
688107,600037
688107,600037
688107,600037
600277,560
600277,630
2586,2062
600456,2062
600456,600456
600456,600456
600456,600456
600456,600456
600456,600456
688639,600456
600366,600366
600366,600366
600366,600366
600366,300992
600366,300992
600366,600366
600366,600366
600366,600366
600366,600366
600366,600366
301318,2694
301318,836675
301318,836675
600121,2337
600121,7221
600121,2337
600121,2337
600121,2337
600121,2337
600121,2337
600121,7221
600121,601995
600121,2337
600121,2337
600399,2337
600399,2075
600611,630
600611,630
600611,630
600611,630
688301,605018
688301,430476
688301,605018
600679,300302
600679,9460
600679,9460
600679,600959
600679,600959
600679,600959
600679,600959
600679,600959
600679,600959
600679,600959
600679,600959
600679,600959
600679,600959
600679,600959
600679,600959
905,630
905,905
905,905
905,905
905,905
905,905
902,2441
902,2441
902,2441
600616,600127
600616,8545
2203,603697
2203,2203
2203,2203
2203,2203
2203,2203
2203,2203
2203,2203
2203,2203
2203,2203
2203,2203
2203,2203
2203,2203
2203,2203
2203,2203
600916,401
600916,600916
600916,600916
600916,600916
600916,600916
600916,600916
600916,600916
600916,600916
600916,600916
600916,600916
600916,600916
600916,600916
600916,600916
600916,401
600761,600206
600761,2337
600761,2337
600761,8340
600761,8340
600761,9370
600761,9370
600761,9370
49,300781
49,300781
49,300781
49,300781
49,300781
603739,300781
600343,871642
600343,600343
600343,600343
600343,300456
600694,7221
600694,501
600694,501
600694,501
600694,501
600694,501
600694,501
600694,501
600694,600694
600694,600694
600694,600694
600694,600694
600694,600694
600694,600694
600694,600694
600694,501
600694,501
600694,501
600694,501
600694,501
600694,501
600694,501
600694,600694
600694,600694
600694,600694
600694,600694
600694,600694
600694,600694
600694,600694
600694,715
600694,600694
600694,600694
600694,501
600694,501
600694,600694
600694,600694
600694,715
600694,501
600694,600694
600694,600694
600694,501
600694,501
600694,501
600694,501
600694,501
600694,600694
600694,501
600694,501
600694,501
600694,501
600694,501
600694,600694
2034,600694
2034,300207
2309,430476
2309,430476
2309,430476
2309,430476
2309,430476
2309,430476
2309,430476
603838,430476
603838,630
603838,630
300897,630
561,11966
2479,430139
2479,430139
751,12977
751,12977
600812,8833
601236,9550
601236,630
601236,630
601236,2736
601236,600015
601236,600015
601236,835670
601236,835670
601236,835670
601236,835670
601236,835670
601236,538
601236,9550
601236,9550
601236,8754
601236,630
601236,630
601236,630
601236,6305
601236,600015
601236,538
601236,538
601236,9550
601236,538
601236,9550
300511,9550
600844,9550
603978,630
603978,630
603978,819
300842,600746
2506,2015
2506,2015
2506,2015
300040,2015
300040,2015
300040,2015
300040,2015
300040,2015
300040,2015
300040,2015
300040,2015
300040,2015
300040,2015
300040,2015
300040,2015
300040,2015
300040,2015
300040,2015
300040,2015
300040,2015
300040,2015
300040,2015
300040,2015
300040,2015
688526,2015
688526,816
688526,816
688526,816
688526,6289
688526,816
688526,6289
688526,816
300210,816
300210,816
2485,19
2485,39
2485,39
2485,39
2485,39
2485,39
300597,836077
300597,836077
300597,836077
300597,836077
300597,836077
300597,836077
600352,600352
600352,600352
600352,600352
600352,600328
967,157
967,967
967,157
967,157
967,157
967,157
967,157
967,157
2600,157
2600,13369
2600,13369
2600,13369
600398,13369
600398,2311
600398,2311
600398,600398
600398,9159
600215,15426
600157,1679
600157,7933
600753,530030
603900,9356
603501,1283
603501,1283
600719,630
600409,834475
600409,834475
600409,834475
600409,834475
600409,834475
600409,834475
600409,834475
600282,601969
600282,601969
600282,600959
600282,600959
600282,600959
600282,9159
600282,9159
600282,9159
600282,9159
600282,9159
600282,2337
600282,544
600282,899050
600282,39
600282,9159
600282,9159
600282,9159
600282,9159
600282,9159
600282,544
600282,899050
600282,39
600282,9159
600282,9159
600282,9159
600282,9159
600282,544
2330,548
2330,548
605287,548
605287,300879
605287,39
21,2094
21,2649
21,2649
21,21
21,21
2169,21
688027,430476
688027,2230
795,630
795,630
795,102
795,102
795,2056
795,2056
795,2056
795,831010
600999,605
600999,605
600999,605
600999,605
600999,399975
600999,399975
600999,399975
600999,430139
600999,430139
600999,430139
600999,600036
600999,600036
600999,600036
600999,600036
600999,600036
600999,600036
600999,600036
600999,600036
600999,600036
600999,600036
600999,600036
600999,600036
600999,600036
600999,6861
600999,6861
600999,6861
600999,508077
600999,508077
600999,508077
600999,5339
600999,5339
600999,5339
600999,600036
600999,600036
600999,600036
600999,600036
600999,600036
600999,600036
600999,6861
600999,6861
600999,6861
600999,6861
600355,600355
600355,600355
600355,600355
600355,600355
600355,600355
2465,2015
2465,11834
2465,11834
600307,600307
600307,600307
600307,630
600307,630
600307,408
600307,408
600307,2532
600307,2532
603169,603169
603169,603169
603169,603169
603169,603169
603169,603169
603169,603169
2273,603169
2273,4190
2273,4190
2273,4190
988,4190
988,430198
988,430198
988,430198
988,430198
988,430198
988,430198
988,430198
300082,300082
300082,300082
300082,300082
300082,300082
300082,300082
300082,300082
603536,603536
603536,603536
2926,430139
2926,430139
2926,430139
2926,430139
2926,430139
2926,2142
728,835670
728,600036
728,600036
728,870508
425,630
425,338
425,834765
425,425
425,425
425,425
425,425
425,425
425,425
425,425
2697,300926
2697,300926
2697,830832
2697,300926
2697,300926
2697,830832
603026,10363
603026,870357
603026,870357
603026,601857
603026,2542
603026,870357
603026,601857
603026,601995
603026,2542
603026,2542
603026,2542
603026,2542
600979,870357
600052,430139
600052,14872
600052,19
600052,19
600016,13735
600016,157
600016,600811
600016,2073
750,9260
750,2532
750,837046
750,2532
300114,11934
600105,600105
600105,600105
600105,600105
600105,600105
600105,600105
600105,600105
600105,600105
600105,600105
600105,600105
600105,600105
600105,600105
600105,600105
600105,600105
603236,600105
776,688159
776,832662
776,832662
776,832662
776,832662
776,832662
776,832662
776,832662
776,832662
776,832662
776,832662
776,832662
776,832662
776,832662
776,832662
776,688159
776,832662
300992,832662
300992,2908
300992,2908
300992,2908
300992,2908
300992,2908
600459,2908
600459,600459
600459,819
600459,2182
600459,2182
600459,2182
600459,2182
600459,2182
600459,878
300477,600252
688182,832225
300722,399368
300722,2337
300722,2337
300722,399368
300722,399368
300722,831641
300722,831641
300722,831641
300722,399368
300722,399368
300722,399368
300722,399368
300722,399368
2961,399368
936,600210
936,836892
2895,600210
601989,600150
601989,600150
601989,600150
601989,600150
601989,600150
603968,600150
2884,990
2884,990
600966,990
600966,498
600877,498
600877,833994
300224,300224
300224,2311
300224,2311
300224,2311
300224,300224
737,300224
737,600740
737,737
737,737
737,737
737,737
737,737
737,737
737,737
737,737
737,737
737,737
737,737
737,737
603196,9086
603196,836892
600980,300302
600980,300302
600980,300302
600980,300302
600980,300302
600980,300302
600980,300302
600980,600980
600547,600547
600547,600547
600547,600547
600547,600547
688456,600547
688456,300302
688456,300302
688456,300302
688456,300302
688456,300302
688456,300302
688456,300302
688456,300302
2060,8202
600817,14433
600817,14433
600817,14433
600817,39
600817,39
600817,14617
600817,14617
600817,14617
600817,14617
600817,838030
600817,838030
600817,600066
600817,600066
600817,600066
600817,600066
600817,14617
600817,14617
600817,14617
600817,14617
600817,838030
600817,838030
600817,600066
600817,600066
600817,630
600817,630
591,600066
591,601995
591,601995
591,601995
591,601995
591,601995
591,601995
591,601995
591,833873
783,2945
783,835670
783,835670
783,835670
783,835670
783,835670
783,835670
601628,8617
821,300028
821,300028
821,300028
600807,9448
600807,11834
413,836149
413,40
600141,7090
911,600037
911,603697
911,603697
911,603697
911,14385
911,603697
911,603697
911,14385
911,603697
911,603697
911,600037
911,603697
911,600037
911,600037
911,600037
603079,488
603079,488
603079,200
601375,548
601375,548
601375,548
601375,548
2336,548
603315,300071
603315,300071
603315,300071
603315,630
603315,630
603315,630
603315,11273
603315,11273
603315,600037
603315,600037
603315,600037
603315,600037
603315,300071
603315,11273
300230,600037
300230,11630
300230,11630
603829,2003
603829,600959
603829,2003
603829,2003
300655,2003
300655,519
300655,519
300655,519
603696,833509
600133,7221
600133,9173
600133,8631
600133,6430
603353,548
2422,600422
2422,600422
2422,300952
2422,2369
2422,300952
2422,600422
600498,2649
600498,832662
600498,832662
600498,832662
603687,12977
603687,12977
603687,12977
603687,12977
603687,12977
603687,12977
603687,12977
603687,12977
603687,501
600876,630
600876,601668
600876,600552
600876,601668
600876,601668
600876,600552
600876,600552
600810,600552
600810,9782
600810,837046
600810,200
601098,2399
600369,508077
600369,601963
600369,601963
2935,90
581,9601
581,9601
581,9601
581,9601
581,9601
581,9601
581,9601
581,9601
581,9601
581,9601
581,9601
581,9601
581,9601
581,9601
581,9601
600712,12386
600712,832735
600712,12386
600712,12386
600712,832735
600712,911
603377,603377
600055,2199
600055,2199
831,600058
831,600058
831,600058
831,600058
831,600058
831,600058
831,600058
831,600058
831,600058
2291,600058
2291,8545
2291,8545
2291,8545
2291,9937
2291,9937
2291,9937
2291,9481
2291,9481
2291,8545
2291,9937
2291,9937
2291,9937
2291,9481
2291,9481
2291,9481
2291,9481
2291,9481
2291,9481
2291,9481
2291,9481
2291,9481
2291,8545
2291,8545
2291,9937
2291,9937
2291,9937
2291,9937
2291,9937
2291,9481
2291,9481
2291,9481
2291,9481
600246,9481
301163,630
301163,301055
301163,630
301163,630
301163,630
301163,630
301163,630
301163,301055
2270,301055
605055,832225
605055,832225
600537,832225
600537,536
600537,536
600537,536
2075,8158
2075,2075
2075,2075
2075,8158
2075,26
2075,2075
2075,2075
2075,2075
2075,2075
2075,2075
2075,2075
601117,2675
688559,300433
688559,300433
688559,300433
2685,11834
555,34
555,34
555,34
555,34
2592,2094
2939,936
2939,600036
2939,508077
2939,600015
2939,600036
2939,13597
2939,508077
2939,936
300982,532
409,6722
409,39
409,498
409,2490
409,600403
409,618
409,600403
409,600403
409,600403
409,601995
409,498
409,498
409,2490
409,2490
409,618
409,618
409,430476
409,430476
409,430476
300002,601995
300002,300425
600746,600746
600746,3028
600746,3028
698,630
698,601995
698,698
698,601995
698,601995
698,601995
698,2811
698,2051
698,2051
2312,942
2312,515
2312,515
2312,515
2312,515
2312,515
2312,515
2312,515
603609,8461
603609,8461
603609,600462
603609,300179
603609,603697
603609,8461
603609,8461
603609,600462
603609,603697
603609,300179
600814,630
600859,630
600859,630
600353,2158
600353,333
600429,802
600429,802
600429,802
600429,802
600151,600135
600151,871642
600151,871642
600151,430476
600151,16763
600151,871642
600151,871642
833,835305
833,835305
605162,600108
600608,600108
600608,834033
600608,834033
553,630
553,630
553,698
553,698
553,600959
553,600959
553,600959
553,1497
553,2051
553,1940
553,1940
553,2471
553,2471
553,2542
553,2542
553,2542
553,2542
553,2542
553,2471
553,600959
553,600959
553,600959
553,2051
553,2051
553,2051
553,2471
553,2471
553,2471
553,2542
553,2542
553,2542
605555,600486
605555,300302
605555,300302
603569,300302
603569,836892
603569,836892
600097,833171
600097,630
600097,630
600097,630
600097,39
600097,39
300237,300781
300237,300781
300237,300781
600435,630
600550,600058
2337,600058
607,39
607,39
607,39
607,39
607,39
607,39
758,630
758,2
758,13081
758,630
758,13081
758,13081
758,13081
758,13081
600525,301328
300350,300679
300350,300679
600467,300679
600467,600467
600467,6294
600467,600206
600467,488
600467,603697
600467,6294
300449,19
300449,603087
300449,2094
603698,19
300185,6658
300185,600403
300185,600403
300185,600403
300185,600403
300891,600403
300048,600403
300048,333
300048,333
300048,333
300048,333
300048,601996
300048,2378
300048,333
300048,333
300048,333
688220,333
300273,831167
688110,831167
885,23
885,23
885,11084
885,601995
885,19
885,548
885,548
885,548
885,548
885,548
885,23
885,23
885,23
885,488
885,488
885,548
885,548
885,548
885,548
885,548
885,23
885,488
885,488
790,10413
790,10413
600811,830839
600811,600811
600811,600811
600811,2077
600811,10958
600811,600811
600811,2077
600811,10958
603213,600811
603213,630
603213,399975
600596,628
600596,2010
600596,2010
600596,2010
600596,2010
601212,2010
300446,600135
300446,600135
300446,9550
300446,600135
300446,600135
300446,600135
300446,600135
300446,300302
300446,300302
300446,300302
300446,300302
300446,9550
300446,9550
300446,9550
300446,9550
969,8370
969,8370
969,300302
969,6580
969,6580
969,833427
969,833427
969,300034
969,300302
969,300302
603116,403
603116,399428
603116,2649
605056,630
605056,11363
605056,11363
688528,300302
670,601568
601168,601168
601168,601168
601168,601168
601168,630
603956,2693
601099,835670
2217,430139
2217,430139
2217,430139
2217,430139
600463,430139
300741,13150
300741,13150
2840,793
2840,139
2840,139
2840,793
2840,793
2840,833346
2840,833346
2840,300498
2840,300498
2840,9138
2840,9481
2840,139
2840,139
2840,2522
2840,833346
2840,833346
2840,11336
2840,300498
2840,603331
2840,793
2840,793
2437,2390
950,6306
950,6306
950,6306
950,6306
950,300061
950,300061
950,300061
300657,908
2500,39
2500,9595
2500,9595
2500,9595
2500,9595
2500,9595
2500,9595
2500,9595
2500,39
2500,39
2500,6876
2500,6876
2500,600036
2500,600036
2500,9595
2500,9595
2500,755
2500,9595
2500,9595
2500,39
2500,6876
600330,300548
600330,688348
600330,2066
600330,688348
600330,10413
600330,10413
600330,300548
600330,2649
600330,2649
601997,2649
601997,630
601997,835670
600888,832110
600888,832110
600888,833171
601326,39
601326,39
601326,39
300011,834639
300011,834639
600438,836892
600438,600438
600008,9568
2351,832171
600232,11351
600232,11351
600232,11351
600232,11351
3008,301073
3008,301073
688375,301073
630,737
630,737
630,737
630,737
630,630
630,630
630,737
630,737
630,737
603101,2732
603101,819
603101,872925
603101,2732
300687,967
300687,967
300687,967
601188,430139
601188,430139
300422,300408
600203,2593
600203,2593
600203,2593
600203,6846
600203,6846
600203,2593
600203,6846
600203,6846
600203,833533
600203,6846
600203,6846
2387,430139
2167,2601
2167,2601
2167,2601
2167,2601
2167,2601
2167,2601
2167,2601
2167,2601
2167,2601
2167,2601
2167,2601
2167,2601
2167,2601
2167,2601
2167,2601
2167,2601
2167,2601
2167,2601
2167,2601
605151,7221
605151,600259
605151,600259
605151,600259
2276,832662
2276,832662
2276,832662
2276,832662
2276,832662
2276,832662
2276,832662
2276,832662
2276,832662
2276,832662
2276,832662
300927,688580
2796,600769
2796,600769
2796,600769
2796,600769
601106,600769
601106,601106
603813,2645
2721,690
2721,833230
2721,690
2721,690
1217,833230
603869,600206
603869,600206
603648,630
603648,630
300971,603087
300111,600853
300111,630
300111,630
300043,908
300043,908
977,600756
977,10557
600053,778
600310,600403
761,898
761,39
761,300302
761,12191
761,12191
761,39
601399,159
601399,2046
601399,2046
601399,600050
601399,600050
601399,2610
601399,2046
601399,2051
601228,507
601228,507
601228,507
601228,507
601228,507
601228,39
601228,39
601228,39
601228,39
601228,430139
601228,507
601228,507
601228,507
601228,507
601228,507
601228,39
601228,630
601228,430139
601228,630
601228,430139
2443,2075
2443,587
2443,587
2443,2075
2443,2075
2722,2075
600300,488
600300,600300
600300,600300
600300,600300
600320,736
600320,736
600320,736
600320,736
600320,736
600320,159
600320,159
600320,630
600320,630
600320,159
600320,736
600320,630
600320,630
600320,159
600320,736
600320,736
600320,736
600320,630
600131,600131
600131,600131
600131,6560
600131,630
600131,600131
600131,6560
600131,600131
600131,600021
600131,600021
600143,300061
600143,300061
600143,300061
600143,300061
2331,832735
2331,630
2331,399302
600651,833346
600651,10170
600651,2036
600651,527
600651,600037
899,600822
899,600822
547,600822
547,17209
547,17209
600754,428
300545,301138
300334,301138
600918,600022
600918,600022
600918,600022
600918,600022
600918,600022
600918,600022
600918,600403
600918,600403
600918,600403
600918,600403
600918,600403
600918,600403
600918,600403
600918,600403
600918,39
600918,600036
600918,600036
600918,430139
600918,600022
600918,600022
600918,832662
600918,832662
600918,832662
600918,832662
600918,832662
600918,832662
600918,832662
600918,832662
600918,6294
600918,6294
601555,630
2901,4481
2901,4481
2901,4481
2489,300302
300698,2276
300698,2276
601827,430139
601827,8545
685,776
685,13369
685,630
685,18
685,610
685,610
685,610
685,610
685,610
600703,8477
600703,600703
600703,600703
600703,600703
600703,600703
600703,600703
600703,600703
600703,600703
600703,600703
600703,8477
600703,614
600703,8477
600703,8477
600703,8477
600703,600703
600703,600703
600703,600703
600703,600703
600703,600703
600703,600703
600703,600703
600703,600703
2180,1259
2180,1259
2180,300302
2180,300302
2180,14433
2180,300302
2180,300302
2180,14433
601606,1209
703,10413
703,703
703,703
703,703
703,703
703,703
703,703
703,703
703,703
703,703
703,10413
703,10413
703,10413
703,703
703,703
703,703
703,703
703,703
703,10413
703,703
703,703
703,703
703,703
703,703
703,703
703,703
703,703
703,703
703,703
703,703
703,703
703,703
703,703
703,10413
703,10413
703,10413
703,10413
703,10413
703,10413
300527,10413
300527,300527
300527,300527
300527,300527
300527,300527
300527,600150
601077,600150
601077,601963
603181,1317
600392,15541
600392,8340
600392,8340
600392,8340
600392,8340
600392,8340
600392,8340
600392,8340
600392,8340
600332,10405
600332,10405
600332,10405
600332,10405
600332,10405
600332,10405
600332,10405
600332,10405
600332,10405
600332,10405
603918,10405
600626,39
600626,39
2927,39
2927,300101
2187,300101
2187,9
2187,9
2187,9
2187,9
2187,9
2187,9
2187,9
2187,9
2187,9
301279,833454
301279,833454
301279,833454
767,301279
978,300302
978,600206
978,600206
978,600206
978,600206
978,600206
978,600206
978,600206
978,600206
978,600206
601108,9774
601108,601916
601108,600927
601108,600927
601108,600927
601108,600927
601108,600927
601108,600927
601108,600927
2008,399302
2008,2175
2008,2175
2008,2175
2008,2175
2008,19
2008,19
2008,19
2008,19
2008,19
2008,19
2008,19
2008,430139
582,39
582,157
582,430139
582,600206
582,301234
582,601995
582,603159
582,630
582,630
582,301234
582,837046
582,630
582,630
582,630
582,630
582,630
582,630
582,630
582,630
582,630
582,630
582,630
582,630
582,837046
582,630
582,630
582,630
582,630
582,630
582,630
582,630
582,630
582,630
582,630
582,630
582,630
582,630
582,301234
582,301234
582,39
582,39
582,39
582,837046
582,837046
545,6846
545,6846
545,6846
545,600959
545,600959
545,600959
545,600959
601086,300102
601086,7272
601086,7272
601086,7090
601086,869
601086,869
601113,4736
601113,4736
300150,39
600800,618
600800,8590
600800,601995
600800,13
600800,8590
600800,630
600800,630
2621,2651
2621,2651
2621,2651
2621,2651
2621,2651
2621,2651
601016,601995
601016,601995
601016,601995
601016,601995
601016,601995
601016,601995
601016,601995
601016,601995
601016,601995
601016,833873
2818,301103
300905,2830
688617,630
688425,630
688425,601186
688425,601186
688425,601186
688425,601186
688425,601186
688425,601186
688425,601186
688425,601186
688425,601186
688425,601186
688425,601186
688425,601186
688425,601186
688425,601186
688425,601186
688425,601186
688425,601186
688425,601186
688425,601186
688425,601186
688425,601186
688425,601186
688425,601186
688425,601186
688425,601186
688425,601186
688425,601186
688425,601186
688425,601186
688425,601186
688425,601186
688425,601186
688425,601186
688425,601186
2449,2672
2449,430476
2449,2672
166,2672
166,601229
166,601229
166,601229
166,601229
166,865
166,865
688269,819
688269,819
688269,819
688269,819
688269,819
300849,819
695,9010
695,9010
695,9010
695,2134
695,9010
695,39
603150,39
603132,603132
603132,603132
605089,831834
605089,403
605089,833533
605089,598
605089,4
300486,301119
601118,430139
601118,430139
601118,430139
601118,430139
688303,688223
300344,39
2023,2721
2023,731
2023,731
2023,731
3017,600691
600744,9550
600744,430139
600744,9550
600744,9550
600744,9550
600744,9550
600744,9550
600744,9550
2783,1172
2783,1172
300516,430198
300516,430198
300516,430198
300516,430198
300516,430198
300516,430198
2232,14433
2232,800
2232,800
600998,11834
600998,10405
600998,10405
600998,10405
600998,10405
600998,11834
600998,11834
600998,11834
600998,11834
600998,11834
600998,11834
600892,11834
600892,8754
600704,8754
600704,701
600704,701
600704,701
600704,701
600704,701
2079,833346
2079,833346
782,6560
600805,838030
600805,838030
600805,838030
600805,838030
600306,600828
600306,600828
600306,600828
600306,600828
600306,600828
688396,508077
688396,508077
601002,2999
600854,300641
600909,600287
600909,600287
600909,8340
600909,8340
2194,2281
2194,2281
2194,2281
2194,2281
2194,2281
2617,2281
2617,603239
2617,603239
2617,603239
2617,603239
2617,603239
2617,603239
2617,603239
2617,603239
2617,603239
2617,603239
2617,603239
2617,603239
2617,603239
2617,603239
600156,603239
600156,603305
300644,603305
300644,1318
2320,8158
2320,8158
2320,8158
2320,8158
2320,15986
2320,15986
2320,15986
2320,15986
2320,15986
2320,15986
2320,15986
2320,15986
2320,15986
2320,15986
2320,15986
2563,2563
2563,2563
2563,2563
2563,630
2563,630
2563,630
2563,2563
2563,2563
2563,2563
2563,2563
2563,2563
2563,630
2563,630
2563,630
2563,630
895,630
895,630
895,630
895,2566
895,2566
895,2566
895,630
895,630
895,2566
895,2566
601778,688223
601778,688223
601778,688223
601778,688223
601778,688223
601778,688223
601778,688223
601778,688223
601778,688223
601778,688223
2864,832735
2864,832735
420,832735
420,11336
420,11336
420,11336
420,11336
420,11336
420,11336
420,11336
420,11336
420,11336
420,11336
420,11336
2456,600206
2456,600206
2456,600206
2456,600206
2456,600206
2456,600206
2255,2255
2255,2255
2255,2255
2255,2255
2255,2255
600460,2255
600460,2830
600460,603228
600618,557
600618,557
600618,630
600618,630
600618,618
600618,618
600618,618
600618,618
600618,300027
600618,600623
541,12408
541,430476
541,961
541,12408
541,430476
541,430476
541,961
541,961
541,12408
600517,921
600517,921
600517,921
600517,921
600517,921
600517,921
600517,39
600517,39
600517,12521
600517,12521
600517,921
600517,921
600517,921
600517,921
600517,921
600517,921
600517,921
600517,921
600015,39
600316,11934
600308,630
600308,603021
600308,603021
600308,603021
600308,12514
600308,12514
600308,12514
600308,12514
600308,12514
600308,12514
600308,12514
600308,12514
600308,300638
600308,300638
600308,300638
600308,300638
600308,300638
600308,8158
600308,8158
600308,8158
600308,8158
600308,12514
600308,12514
600308,12514
600308,300638
600308,300638
600308,300638
600308,300638
600308,300638
600308,8158
600308,8158
600308,8158
600308,8158
603836,12977
603836,12977
603989,430139
603989,830799
603989,830799
300482,430139
300482,2908
300482,399993
300482,399993
2281,586
2281,2649
2281,2649
300785,300302
300785,300302
300785,300302
300913,795
603618,26
603618,603618
603618,9932
603856,9481
2672,630
3022,6533
3022,2073
601519,600095
615,600095
601985,601985
300062,6846
600590,733
600590,600590
600590,831278
600590,600590
600590,942
600590,942
600590,600590
600590,13369
600590,630
600590,300302
600590,13369
600590,630
600590,300302
600590,630
600590,600590
600590,600590
600590,600100
600590,600100
600590,831278
600590,831278
600590,600590
600590,600590
600590,600590
600590,942
600590,942
600590,600590
600590,13369
600590,630
600590,300302
600590,630
600590,600590
600590,600590
600590,600590
600590,600100
600590,600100
2193,9213
2193,301129
2193,11336
2193,8202
688349,11021
688349,11021
688349,759
688349,759
688349,759
688349,759
688349,759
688349,759
688349,759
688349,759
688349,759
688349,759
688349,759
688349,759
688349,759
688349,759
600061,759
852,6876
2635,9766
688660,9766
600539,832662
600539,832662
600539,14385
601360,14385
601360,8
601360,8
601360,8
2427,8
605338,333
605338,333
301002,832089
603015,738
603015,738
603015,738
655,738
655,655
655,11351
655,11351
655,11351
655,11351
603167,39
603167,39
603167,39
603167,39
603167,39
600983,39
600452,600977
600452,630
600452,630
600452,630
688336,630
601969,566
601969,566
601969,566
601969,566
600461,4534
300132,835640
600598,608
600598,608
498,498
498,600259
498,498
498,498
498,600259
498,498
498,498
498,498
498,498
498,498
498,600259
498,600259
498,498
498,600259
498,600259
498,498
498,498
498,600259
498,498
498,498
498,600259
498,600259
498,498
498,498
498,600259
498,600259
300376,600350
300211,600811
600633,39
600633,39
600633,39
600633,39
603861,2198
603861,2198
603861,2198
603861,2198
603861,2198
603861,2198
300665,870436
601198,2390
601198,399975
601198,430139
601198,430139
601198,430139
601198,430139
601198,430139
601198,430139
601198,430139
601198,430139
603977,596
300520,630
300520,598
600927,1466
300249,1466
603277,30
603277,30
603686,13067
603686,300302
603686,300302
603011,2337
688081,630
2428,630
2428,630
603708,2552
603708,2552
2674,6580
2674,6580
300589,2459
300589,2459
300589,2459
300589,2459
603165,2459
600305,600959
600305,631
600305,631
600621,2182
600621,630
600835,1330
2045,832491
2045,832491
2045,676
2493,703
2493,703
2493,703
2493,703
2493,703
2493,703
2493,703
2493,703
2493,2054
2493,2054
2493,837344
2493,837344
2493,8158
2493,8158
2493,703
2493,703
601163,300775
601163,300775
601163,300775
601163,300775
601163,300775
601163,300775
601163,300775
688690,871981
688690,871981
688690,871981
600995,538
600995,538
600995,538
600995,538
810,430139
810,688283
810,18
810,18
810,39
810,39
810,39
810,19
810,430139
810,18
810,300302
810,300302
810,19
810,19
810,688283
810,688283
810,39
810,39
810,39
810,39
810,39
810,39
810,39
810,39
810,430139
810,430139
810,688283
810,688283
810,39
810,39
810,39
810,39
810,39
810,39
810,39
810,19
810,19
810,430139
810,430139
2189,300274
2189,688084
2189,688084
2189,11254
2189,300274
2189,300274
2189,300274
601788,166
601788,166
601788,55
601788,55
601788,55
601788,55
601788,55
601788,55
601788,601997
601788,601997
601788,166
601788,166
601788,600109
2922,600109
300479,600403
300479,600403
300475,430489
300475,300302
600171,17209
600171,600037
600171,777
600171,17209
600171,17209
2760,600590
2760,300153
2760,300153
2760,300153
2760,600590
2760,9356
2760,300153
2760,9356
2484,833346
2484,833346
2484,833346
2484,833346
2484,833346
2484,833346
2484,833346
2484,833346
2484,833346
2484,833346
2484,833346
2484,833346
2484,833346
2484,833346
2484,833346
2484,833346
2484,833346
2484,9159
2484,9159
2484,9159
2484,9159
2484,9159
2484,9159
2484,9159
2484,9159
2484,9159
688011,2283
688011,2283
688011,2283
688011,2283
601066,399975
601066,832145
601066,832145
601066,832145
601066,55
601066,399975
601066,399975
601066,399975
2287,399975
300161,603516
300161,603516
605111,600171
605111,600171
688215,600171
2230,600941
2230,600941
2230,300302
2230,300302
2230,300302
2230,300302
688330,600941
688358,601992
688358,406
2407,406
300726,403
300726,836149
300726,11550
300726,11550
301200,19
603800,9159
603800,9159
688156,9159
605389,600822
301199,600822
301199,16961
2001,26
2001,2571
2001,2571
2001,2571
688138,3023
688121,4534
688121,4534
688121,4534
301151,870357
301151,300283
300867,300378
300867,300378
300867,300378
603045,39
603045,39
603033,39
603033,8754
603033,1238
601156,300302
601156,300302
3013,39
3013,39
3013,39
3013,39
3013,39
3013,39
3013,39
3013,39
3013,39
3013,39
3013,39
3013,39
301185,39
301185,498
600265,11834
600265,300578
600265,8384
603676,11834
603676,513
603657,513
603657,301155
603657,301155
603657,301155
603657,301155
300780,8590
2739,301234
2739,501
2661,9135
2661,194
2661,2010
2661,10857
2661,10857
2661,10857
2661,10857
2661,834765
2661,834765
2661,834765
2661,9135
2661,9135
2661,9135
2661,9135
2236,9135
2236,300302
2236,300302
2236,300302
2236,300302
2236,300302
300424,8590
300424,8590
300424,8590
300424,8590
300424,8590
600184,630
2414,300302
2414,300302
601698,430476
601698,901
601698,871642
601698,10557
601698,10557
601698,871642
601698,871642
601698,430476
601698,430476
601698,871642
601698,901
601698,901
601698,871642
601698,871642
601698,871642
300625,430090
300625,601222
300625,4634
300625,430090
300625,430090
300625,601222
300625,601222
300625,4634
300625,4634
601696,1235
601696,835670
601696,835670
601696,132
601696,132
601696,1235
601696,1235
601696,1235
601696,1235
601696,1235
601696,1235
601696,1235
601696,601988
601696,601988
601696,601988
601696,601988
601696,601988
601696,601988
601696,601988
601696,601988
601696,601988
601696,601988
601696,601988
601696,601988
601696,601988
601696,601988
601696,601988
601696,601988
601696,601988
601696,601988
601696,601988
601696,601988
601696,601988
601696,601988
601696,601988
601696,601988
601696,601988
601696,601988
2931,601988
2931,300302
2931,300302
2931,501
2931,300302
2931,300302
2695,2695
2695,2695
807,2532
807,600403
807,10367
807,601068
807,600252
807,601600
807,601600
807,601600
807,601600
807,601702
807,2532
807,10367
807,601068
807,600252
807,600252
807,601600
807,601600
807,601600
807,601600
807,601600
807,601600
807,10367
807,601068
807,600252
807,600252
807,2532
807,601600
300349,601600
603903,19
990,8402
990,8402
990,2073
990,2073
990,8402
990,8402
990,8402
42,8402
42,27
600867,600351
600867,600351
600867,10731
600867,600867
600867,600867
600867,603177
600867,603177
600867,603177
600867,603177
600867,603177
600867,603177
906,2458
906,200
906,200
906,300030
906,429
906,200
906,300030
906,300030
906,300030
906,7247
906,630
906,7247
906,7247
906,7247
906,630
906,630
2038,949
603680,600206
603680,600206
603680,600206
603680,600206
300265,603176
300265,603176
300265,603176
300265,731
300265,731
300265,300527
300265,731
300265,731
300265,630
300265,300527
300265,300527
300265,300527
300265,300527
822,822
822,695
822,822
822,822
822,695
822,822
822,822
822,822
822,822
822,822
822,822
822,822
822,822
822,822
822,822
822,822
822,822
822,822
822,822
822,822
822,822
822,822
822,822
822,822
822,822
2191,2969
2191,2969
2191,2969
2191,2969
603725,8590
603725,8590
603725,8590
603725,7221
603725,7221
603725,7221
601921,630
601921,630
603887,430476
600655,200
600655,630
600655,8202
600655,836149
600655,836149
600655,836149
600655,836149
2412,300302
686,9086
686,9086
686,9086
686,9086
686,9086
686,9086
686,80
686,430139
686,430139
686,430139
686,430139
686,430139
601006,9
600894,9
600894,834639
600894,834639
600025,9550
2787,836149
2673,10779
2673,10779
2673,10779
2673,301103
2673,10779
2673,10779
603021,610
603021,6305
300232,836892
507,507
507,507
600858,498
600802,552
600802,630
676,676
676,2045
676,14433
676,830799
676,830799
676,830799
676,676
676,2045
676,2045
676,2045
600217,676
597,200055
601678,15986
601158,17209
600210,600037
600210,600037
600210,600037
2752,600037
2226,836260
2226,836260
2369,836260
2110,2110
300241,600959
300241,600959
300241,600959
300241,600959
300241,600959
2491,2491
2491,2491
2491,2491
601828,430476
601828,7875
601828,508
601828,600
601828,18
691,600616
601789,990
601789,990
601789,832419
601789,630
601789,7090
601789,6529
2671,408
2671,3037
300291,333
600782,600782
600782,600782
600782,600782
600782,600782
600782,600782
600782,600782
600782,600782
600782,600782
600782,630
600782,630
600782,600782
600782,600782
600782,600782
600782,600782
600782,600782
600782,600782
600782,600782
600782,600782
600782,600782
600782,600782
600782,600782
600782,600782
600782,630
600782,600782
600782,600782
600782,600782
600782,630
600782,630
60,2672
60,2672
60,2672
60,2672
60,2672
2266,2672
2266,544
2266,544
2266,544
300495,544
300495,544
300495,544
300495,544
300495,544
300495,544
300495,544
300495,544
300495,544
300495,544
300495,544
300495,544
300495,544
300495,544
300495,544
300495,544
300495,544
300495,544
300495,301098
300495,301098
300495,301098
300495,301098
631,301098
778,630
778,601718
778,601718
778,601718
778,601718
778,601718
778,6876